{"AM_False": {"65GB": {"std_reads_server": 2.8284271247461903, "std_thr": 572589.98595086148, "thr": 32550335.188039184, "std_readbytes": 17377.85625444059, "readbytes": 45188624384.0, "std_runtime": 24.735421051673164, "runtime": 1388.7042136192322, "reads_server": 293868.0}, "75GB": {"std_reads_server": 3.6817870057290865, "std_thr": 652728.73407299386, "thr": 36955243.623474769, "std_readbytes": 21759.832679095263, "readbytes": 52138845525.333336, "std_runtime": 25.239858489703515, "runtime": 1411.3104169368744, "reads_server": 338952.33333333331}, "90GB": {"std_reads_server": 0.0, "std_thr": 0.0, "thr": NaN, "std_readbytes": 0.0, "readbytes": NaN, "std_runtime": 0.0, "runtime": NaN, "reads_server": NaN}, "5GB": {"std_reads_server": 0.0, "std_thr": 540994.36021211196, "thr": 33491472.060787216, "std_readbytes": 0.0, "readbytes": 3610701824.0, "std_runtime": 1.7612759609480151, "runtime": 107.83803868293762, "reads_server": 23462.0}, "80GB": {"std_reads_server": 0.0, "std_thr": 0.0, "thr": NaN, "std_readbytes": 0.0, "readbytes": NaN, "std_runtime": 0.0, "runtime": NaN, "reads_server": NaN}, "25GB": {"std_reads_server": 6.5996632910744433, "std_thr": 337607.92052810604, "thr": 35331276.850121446, "std_readbytes": 104267.13752664355, "readbytes": 17365721088.0, "std_runtime": 4.7016321833637544, "runtime": 491.55620495478314, "reads_server": 113502.33333333333}, "45GB": {"std_reads_server": 0.47140452079103168, "std_thr": 294521.52991541632, "thr": 33980438.490482673, "std_readbytes": 1930.8729171600658, "readbytes": 31284536661.333332, "std_runtime": 7.9353460545692078, "runtime": 920.73190267880761, "reads_server": 203736.33333333334}, "70GB": {"std_reads_server": 0.0, "std_thr": 0.0, "thr": NaN, "std_readbytes": 0.0, "readbytes": NaN, "std_runtime": 0.0, "runtime": NaN, "reads_server": NaN}, "35GB": {"std_reads_server": 7.5865377844940278, "std_thr": 482233.0777275429, "thr": 34906479.670218728, "std_readbytes": 92742.220173266644, "readbytes": 24317296640.0, "std_runtime": 9.534209947449316, "runtime": 696.77305134137475, "reads_server": 158570.33333333334}, "95GB": {"std_reads_server": 1.247219128924647, "std_thr": 383028.49321528024, "thr": 34718059.722787961, "std_readbytes": 80566.236457270905, "readbytes": 66056694442.666664, "std_runtime": 21.041693745145228, "runtime": 1902.8930276234944, "reads_server": 429168.33333333331}, "30GB": {"std_reads_server": 0.0, "std_thr": 0.0, "thr": NaN, "std_readbytes": 0.0, "readbytes": NaN, "std_runtime": 0.0, "runtime": NaN, "reads_server": NaN}, "60GB": {"std_reads_server": 0.0, "std_thr": 0.0, "thr": NaN, "std_readbytes": 0.0, "readbytes": NaN, "std_runtime": 0.0, "runtime": NaN, "reads_server": NaN}, "85GB": {"std_reads_server": 1.247219128924647, "std_thr": 708837.44113253325, "thr": 35914727.442007117, "std_readbytes": 8848.3713002261975, "readbytes": 59098509312.0, "std_runtime": 32.916489415869805, "runtime": 1646.172632932663, "reads_server": 384044.33333333331}, "15GB": {"std_reads_server": 2.4944382578492941, "std_thr": 505240.88769878063, "thr": 34682872.513654537, "std_readbytes": 11585.237502960395, "readbytes": 10419232768.0, "std_runtime": 4.421641071751206, "runtime": 300.47876667976379, "reads_server": 68483.333333333328}, "50GB": {"std_reads_server": 0.0, "std_thr": 0.0, "thr": NaN, "std_readbytes": 0.0, "readbytes": NaN, "std_runtime": 0.0, "runtime": NaN, "reads_server": NaN}, "20GB": {"std_reads_server": 0.0, "std_thr": 0.0, "thr": NaN, "std_readbytes": 0.0, "readbytes": NaN, "std_runtime": 0.0, "runtime": NaN, "reads_server": NaN}, "40GB": {"std_reads_server": 0.0, "std_thr": 0.0, "thr": NaN, "std_readbytes": 0.0, "readbytes": NaN, "std_runtime": 0.0, "runtime": NaN, "reads_server": NaN}, "10GB": {"std_reads_server": 0.0, "std_thr": 0.0, "thr": NaN, "std_readbytes": 0.0, "readbytes": NaN, "std_runtime": 0.0, "runtime": NaN, "reads_server": NaN}, "55GB": {"std_reads_server": 1.6329931618554521, "std_thr": 706047.0092351702, "thr": 33553251.507358868, "std_readbytes": 61878.376822782142, "readbytes": 38238328149.333336, "std_runtime": 24.097047762484902, "runtime": 1140.1380889415741, "reads_server": 248821.0}}, "AM_True": {"65GB": {"std_reads_server": 0.0, "std_thr": 340122.41298696573, "thr": 72691030.384448528, "std_readbytes": 0.0, "readbytes": 68707848192.0, "std_runtime": 4.4350073878169969, "runtime": 945.22468964258826, "reads_server": 131520.0}, "75GB": {"std_reads_server": 30.408332191467959, "std_thr": 1905710.8458030589, "thr": 87348770.702629209, "std_readbytes": 11866179.630229548, "readbytes": 79260872704.0, "std_runtime": 19.86322798739101, "runtime": 907.84018667538965, "reads_server": 151765.0}, "90GB": {"std_reads_server": 0.0, "std_thr": 0.0, "thr": NaN, "std_readbytes": 0.0, "readbytes": NaN, "std_runtime": 0.0, "runtime": NaN, "reads_server": NaN}, "5GB": {"std_reads_server": 55.631725560950279, "std_thr": 277533.30592985515, "thr": 70845820.699987307, "std_readbytes": 27642376.682063501, "readbytes": 5357789184.0, "std_runtime": 0.12530802268911409, "runtime": 75.625723679860428, "reads_server": 10249.333333333334}, "80GB": {"std_reads_server": 0.0, "std_thr": 0.0, "thr": NaN, "std_readbytes": 0.0, "readbytes": NaN, "std_runtime": 0.0, "runtime": NaN, "reads_server": NaN}, "25GB": {"std_reads_server": 54.460995216760409, "std_thr": 1158698.375794044, "thr": 84242963.432206914, "std_readbytes": 15819641.810292419, "readbytes": 26453467136.0, "std_runtime": 4.1661202090709555, "runtime": 314.0712680021922, "reads_server": 50712.0}, "45GB": {"std_reads_server": 0.94280904158206336, "std_thr": 645789.54996558931, "thr": 83264275.610239625, "std_readbytes": 0.0, "readbytes": 47554211840.0, "std_runtime": 4.4079265701914885, "runtime": 571.15801556905114, "reads_server": 91043.666666666672}, "70GB": {"std_reads_server": 0.0, "std_thr": 0.0, "thr": NaN, "std_readbytes": 0.0, "readbytes": NaN, "std_runtime": 0.0, "runtime": NaN, "reads_server": NaN}, "35GB": {"std_reads_server": 53.268710849386579, "std_thr": 1054088.0431522673, "thr": 84501580.607629314, "std_readbytes": 15817710.937375259, "readbytes": 37005367978.666664, "std_runtime": 5.5117085776296548, "runtime": 437.99388098716736, "reads_server": 70862.666666666672}, "95GB": {"std_reads_server": 195.86900384355525, "std_thr": 1595219.1279815338, "thr": 83127500.385902822, "std_readbytes": 7389453.6812083442, "readbytes": 100377736533.33333, "std_runtime": 23.02937696742547, "runtime": 1207.9573040008545, "reads_server": 192434.0}, "30GB": {"std_reads_server": 0.0, "std_thr": 0.0, "thr": NaN, "std_readbytes": 0.0, "readbytes": NaN, "std_runtime": 0.0, "runtime": NaN, "reads_server": NaN}, "60GB": {"std_reads_server": 0.0, "std_thr": 0.0, "thr": NaN, "std_readbytes": 0.0, "readbytes": NaN, "std_runtime": 0.0, "runtime": NaN, "reads_server": NaN}, "85GB": {"std_reads_server": 8.6023252670426267, "std_thr": 1516128.3162848684, "thr": 86363691.656038031, "std_readbytes": 16497.385435947788, "readbytes": 89838359893.333328, "std_runtime": 18.269434022015876, "runtime": 1040.5536730289459, "reads_server": 172006.0}, "15GB": {"std_reads_server": 59.419413213752513, "std_thr": 1141913.1546140725, "thr": 81246317.987342656, "std_readbytes": 15823503.556126738, "readbytes": 15867447978.666666, "std_runtime": 2.7143408776853324, "runtime": 195.33859467506409, "reads_server": 30403.0}, "50GB": {"std_reads_server": 0.0, "std_thr": 0.0, "thr": NaN, "std_readbytes": 0.0, "readbytes": NaN, "std_runtime": 0.0, "runtime": NaN, "reads_server": NaN}, "20GB": {"std_reads_server": 0.0, "std_thr": 0.0, "thr": NaN, "std_readbytes": 0.0, "readbytes": NaN, "std_runtime": 0.0, "runtime": NaN, "reads_server": NaN}, "40GB": {"std_reads_server": 0.0, "std_thr": 0.0, "thr": NaN, "std_readbytes": 0.0, "readbytes": NaN, "std_runtime": 0.0, "runtime": NaN, "reads_server": NaN}, "10GB": {"std_reads_server": 0.0, "std_thr": 0.0, "thr": NaN, "std_readbytes": 0.0, "readbytes": NaN, "std_runtime": 0.0, "runtime": NaN, "reads_server": NaN},