{"AM_False": {"65GB": {"std_reads_server": 54.236109332764229, "std_thr": 604457.3462239583, "thr": 32106573.190088164, "std_readbytes": 7723.491668640263, "readbytes": 52880988842.666664, "std_runtime": 31.167252244289017, "runtime": 1647.6322882970173, "reads_server": 138772.66666666666}, "75GB": {"std_reads_server": 107.05242744665915, "std_thr": 585078.29288272164, "thr": 32984621.029066805, "std_readbytes": 6961.8613092253481, "readbytes": 61031688874.666664, "std_runtime": 33.028733774980346, "runtime": 1850.8932400544484, "reads_server": 160010.66666666666}, "90GB": {"std_reads_server": 0.0, "std_thr": 0.0, "thr": NaN, "std_readbytes": 0.0, "readbytes": NaN, "std_runtime": 0.0, "runtime": NaN, "reads_server": NaN}, "5GB": {"std_reads_server": 0.47140452079103168, "std_thr": 583115.33753150585, "thr": 29597366.121955872, "std_readbytes": 0.0, "readbytes": 4181442560.0, "std_runtime": 2.7831275073692554, "runtime": 141.33234930038452, "reads_server": 10986.333333333334}, "80GB": {"std_reads_server": 0.0, "std_thr": 0.0, "thr": NaN, "std_readbytes": 0.0, "readbytes": NaN, "std_runtime": 0.0, "runtime": NaN, "reads_server": NaN}, "25GB": {"std_reads_server": 7.4833147735478827, "std_thr": 541187.33853429661, "thr": 32266920.38634317, "std_readbytes": 5108.6095520753543, "readbytes": 20384733866.666668, "std_runtime": 10.621987159231573, "runtime": 631.93145537376404, "reads_server": 54162.0}, "45GB": {"std_reads_server": 8.9566858950296009, "std_thr": 525155.62289191794, "thr": 32636038.99165659, "std_readbytes": 1930.8729171600658, "readbytes": 36650535594.666664, "std_runtime": 17.917900187398114, "runtime": 1123.2963977654774, "reads_server": 96461.666666666672}, "70GB": {"std_reads_server": 0.0, "std_thr": 0.0, "thr": NaN, "std_readbytes": 0.0, "readbytes": NaN, "std_runtime": 0.0, "runtime": NaN, "reads_server": NaN}, "35GB": {"std_reads_server": 7.71722460186015, "std_thr": 432313.20146496239, "thr": 31637377.37590773, "std_readbytes": 6961.861309225349, "readbytes": 28518562474.666668, "std_runtime": 12.278978439232857, "runtime": 901.58771006266272, "reads_server": 75364.666666666672}, "95GB": {"std_reads_server": 146.97845647123481, "std_thr": 244471.60506265025, "thr": 32892363.837587755, "std_readbytes": 0.0, "readbytes": 77297762304.0, "std_runtime": 17.55743692646562, "runtime": 2350.1519981225333, "reads_server": 202550.0}, "30GB": {"std_reads_server": 0.0, "std_thr": 0.0, "thr": NaN, "std_readbytes": 0.0, "readbytes": NaN, "std_runtime": 0.0, "runtime": NaN, "reads_server": NaN}, "60GB": {"std_reads_server": 0.0, "std_thr": 0.0, "thr": NaN, "std_readbytes": 0.0, "readbytes": NaN, "std_runtime": 0.0, "runtime": NaN, "reads_server": NaN}, "85GB": {"std_reads_server": 58.834985812487076, "std_thr": 435468.57518191927, "thr": 32655208.165515721, "std_readbytes": 7723.491668640263, "readbytes": 69197251925.333328, "std_runtime": 28.075598236355699, "runtime": 2119.4009037017822, "reads_server": 181277.66666666666}, "15GB": {"std_reads_server": 6.4807406984078604, "std_thr": 586651.6268909662, "thr": 31152539.860908996, "std_readbytes": 0.0, "readbytes": 12227604480.0, "std_runtime": 7.4278960294235841, "runtime": 392.64733401934308, "reads_server": 33106.0}, "50GB": {"std_reads_server": 0.0, "std_thr": 0.0, "thr": NaN, "std_readbytes": 0.0, "readbytes": NaN, "std_runtime": 0.0, "runtime": NaN, "reads_server": NaN}, "20GB": {"std_reads_server": 0.0, "std_thr": 0.0, "thr": NaN, "std_readbytes": 0.0, "readbytes": NaN, "std_runtime": 0.0, "runtime": NaN, "reads_server": NaN}, "40GB": {"std_reads_server": 0.0, "std_thr": 0.0, "thr": NaN, "std_readbytes": 0.0, "readbytes": NaN, "std_runtime": 0.0, "runtime": NaN, "reads_server": NaN}, "10GB": {"std_reads_server": 0.0, "std_thr": 0.0, "thr": NaN, "std_readbytes": 0.0, "readbytes": NaN, "std_runtime": 0.0, "runtime": NaN, "reads_server": NaN}, "55GB": {"std_reads_server": 30.232432915661949, "std_thr": 632592.55782699585, "thr": 33079074.591088008, "std_readbytes": 7723.491668640263, "readbytes": 44807596714.666664, "std_runtime": 25.870436760327905, "runtime": 1355.0548570156097, "reads_server": 117832.0}}, "AM_True": {"65GB": {"std_reads_server": 155.88956204812288, "std_thr": 494855.18480424292, "thr": 87299186.162101626, "std_readbytes": 104267.13752664355, "readbytes": 68712509440.0, "std_runtime": 4.4709713028012628, "runtime": 787.11755434672034, "reads_server": 66431.666666666672}, "75GB": {"std_reads_server": 114.05554202521974, "std_thr": 171306.14991131533, "thr": 87299323.107492268, "std_readbytes": 90812.629802002513, "readbytes": 79272203605.333328, "std_runtime": 1.7788938486033297, "runtime": 908.05410075187683, "reads_server": 76676.0}, "90GB": {"std_reads_server": 0.0, "std_thr": 0.0, "thr": NaN, "std_readbytes": 0.0, "readbytes": NaN, "std_runtime": 0.0, "runtime": NaN, "reads_server": NaN}, "5GB": {"std_reads_server": 33.25657829663178, "std_thr": 232854.8722388407, "thr": 70252427.732435197, "std_readbytes": 146746.34170416501, "readbytes": 5339387221.333333, "std_runtime": 0.24955382338278628, "runtime": 76.00371265411377, "reads_server": 5182.0}, "80GB": {"std_reads_server": 0.0, "std_thr": 0.0, "thr": NaN, "std_readbytes": 0.0, "readbytes": NaN, "std_runtime": 0.0, "runtime": NaN, "reads_server": NaN}, "25GB": {"std_reads_server": 33.595634637057636, "std_thr": 363396.00658139796, "thr": 84830463.237656578, "std_readbytes": 104267.13752664355, "readbytes": 26437042176.0, "std_runtime": 1.3396844436029747, "runtime": 311.65135733286542, "reads_server": 25616.0}, "45GB": {"std_reads_server": 98.800584793590943, "std_thr": 432368.73392006371, "thr": 86103430.92360045, "std_readbytes": 104267.13752664355, "readbytes": 47573078016.0, "std_runtime": 2.7837907071736399, "runtime": 552.52480800946557, "reads_server": 46111.333333333336}, "70GB": {"std_reads_server": 0.0, "std_thr": 0.0, "thr": NaN, "std_readbytes": 0.0, "readbytes": NaN, "std_runtime": 0.0, "runtime": NaN, "reads_server": NaN}, "35GB": {"std_reads_server": 43.642486944108335, "std_thr": 160109.52903981318, "thr": 85783393.481237039, "std_readbytes": 245083.98876756971, "readbytes": 37008196949.333336, "std_runtime": 0.80617350451468295, "runtime": 431.41597135861713, "reads_server": 35841.0}, "95GB": {"std_reads_server": 71.210174054617283, "std_thr": 990797.08853550686, "thr": 87462747.715161219, "std_readbytes": 1242577.8574960828, "readbytes": 100402453162.66667, "std_runtime": 12.962068847500072, "runtime": 1148.0921683311462, "reads_server": 97458.333333333328}, "30GB": {"std_reads_server": 0.0, "std_thr": 0.0, "thr": NaN, "std_readbytes": 0.0, "readbytes": NaN, "std_runtime": 0.0, "runtime": NaN, "reads_server": NaN}, "60GB": {"std_reads_server": 0.0, "std_thr": 0.0, "thr": NaN, "std_readbytes": 0.0, "readbytes": NaN, "std_runtime": 0.0, "runtime": NaN, "reads_server": NaN}, "85GB": {"std_reads_server": 265.6831864374476, "std_thr": 749187.14727266436, "thr": 86576174.230144963, "std_readbytes": 724363.05675722216, "readbytes": 89843544064.0, "std_runtime": 9.0377969501518134, "runtime": 1037.8180355230968, "reads_server": 86965.333333333328}, "15GB": {"std_reads_server": 40.207793606049393, "std_thr": 437092.59345658659, "thr": 82772776.847544894, "std_readbytes": 104267.13752664355, "readbytes": 15850676224.0, "std_runtime": 1.0090483277392321, "runtime": 191.5015766620636, "reads_server": 15434.0}, "50GB": {"std_reads_server": 0.0, "std_thr": 0.0, "thr": NaN, "std_readbytes": 0.0, "readbytes": NaN, "std_runtime": 0.0, "runtime": NaN, "reads_server": NaN}, "20GB": {"std_reads_server": 0.0, "std_thr": 0.0, "thr": NaN, "std_readbytes": 0.0, "readbytes": NaN, "std_runtime": 0.0, "runtime": NaN, "reads_server": NaN}, "40GB": {"std_reads_server": 0.0, "std_thr": 0.0, "thr": NaN, "std_readbytes": 0.0, "readbytes": NaN, "std_runtime": 0.0, "runtime": NaN, "reads_server": NaN}, "10GB": {"std_reads_server": 0.0, "std_thr": 0.0, "thr": NaN, "std_readbytes": 0.0, "readbytes": NaN, "std_runtime": 0.0,