{"AM_False": {"65GB": {"std_readbytes_client": 0.0, "std_reads_server": 117.59062698852981, "std_thr": 884253.4524446351, "thr": 71771417.322523549, "std_readbytes": 8191555.5719445618, "reads_client": 58295.333333333336, "readbytes": 68206440448.0, "std_runtime": 11.807743823344488, "std_reads_client": 124.58553509760094, "runtime": 950.47420032819116, "readbytes_client": 33658299463.0, "reads_server": 23396.666666666668}, "75GB": {"std_readbytes_client": 0.0, "std_reads_server": 592.3604383218792, "std_thr": 955994.60224736633, "thr": 72373931.474374488, "std_readbytes": 11331014.438765528, "reads_client": 68625.0, "readbytes": 78751405397.333328, "std_runtime": 14.586382897093165, "std_reads_client": 111.18453129819814, "runtime": 1088.3110574086506, "readbytes_client": 38818652474.0, "reads_server": 27054.333333333332}, "90GB": {"std_readbytes_client": 0.0, "std_reads_server": 0.0, "std_thr": 0.0, "thr": NaN, "std_readbytes": 0.0, "reads_client": NaN, "readbytes": NaN, "std_runtime": 0.0, "std_reads_client": 0.0, "runtime": NaN, "readbytes_client": NaN, "reads_server": NaN}, "5GB": {"std_readbytes_client": 0.0, "std_reads_server": 12.283683848458853, "std_thr": 553845.98924254416, "thr": 60768787.030024193, "std_readbytes": 3281971.1019769134, "reads_client": 4641.666666666667, "readbytes": 5299575466.666667, "std_runtime": 0.7518233126775018, "std_reads_client": 42.820036846732805, "runtime": 87.215684254964188, "readbytes_client": 2690255643.0, "reads_server": 1828.6666666666667}, "80GB": {"std_readbytes_client": 0.0, "std_reads_server": 0.0, "std_thr": 0.0, "thr": NaN, "std_readbytes": 0.0, "reads_client": NaN, "readbytes": NaN, "std_runtime": 0.0, "std_reads_client": 0.0, "runtime": NaN, "readbytes_client": NaN, "reads_server": NaN}, "25GB": {"std_readbytes_client": 0.0, "std_reads_server": 110.07976905660529, "std_thr": 690016.86780700821, "thr": 72043136.272148252, "std_readbytes": 4187448.1746620927, "reads_client": 21922.0, "readbytes": 26247637674.666668, "std_runtime": 3.5515661763198594, "std_reads_client": 39.370039370059054, "runtime": 364.36626060803729, "readbytes_client": 13016667711.0, "reads_server": 9042.6666666666661}, "45GB": {"std_readbytes_client": 0.0, "std_reads_server": 110.63553779063137, "std_thr": 893514.25759528205, "thr": 71718412.436642423, "std_readbytes": 15768927.012248641, "reads_client": 39792.666666666664, "readbytes": 47254930773.333336, "std_runtime": 8.1417817855726682, "std_reads_client": 222.77093367153822, "runtime": 658.99676370620728, "readbytes_client": 23337573819.0, "reads_server": 16186.666666666666}, "70GB": {"std_readbytes_client": 0.0, "std_reads_server": 0.0, "std_thr": 0.0, "thr": NaN, "std_readbytes": 0.0, "reads_client": NaN, "readbytes": NaN, "std_runtime": 0.0, "std_reads_client": 0.0, "runtime": NaN, "readbytes_client": NaN, "reads_server": NaN}, "35GB": {"std_readbytes_client": 0.0, "std_reads_server": 117.83132954449009, "std_thr": 715946.99935765029, "thr": 71994274.246424258, "std_readbytes": 9689703.0442429278, "reads_client": 30941.666666666668, "readbytes": 36754534400.0, "std_runtime": 4.9911689216967874, "std_reads_client": 142.46013087488333, "runtime": 510.56987134615582, "readbytes_client": 18177177020.0, "reads_server": 12671.333333333334}, "95GB": {"std_readbytes_client": 0.0, "std_reads_server": 344.84424825644919, "std_thr": 141214.21535171391, "thr": 72359210.060604766, "std_readbytes": 2034736.0701138177, "reads_client": 84822.666666666672, "readbytes": 99740448085.333328, "std_runtime": 2.662615432270679, "std_reads_client": 71.658139027530495, "runtime": 1378.41228501002, "readbytes_client": 49139290428.0, "reads_server": 33834.333333333336}, "30GB": {"std_readbytes_client": 0.0, "std_reads_server": 0.0, "std_thr": 0.0, "thr": NaN, "std_readbytes": 0.0, "reads_client": NaN, "readbytes": NaN, "std_runtime": 0.0, "std_reads_client": 0.0, "runtime": NaN, "readbytes_client": NaN, "reads_server": NaN}, "60GB": {"std_readbytes_client": 0.0, "std_reads_server": 0.0, "std_thr": 0.0, "thr": NaN, "std_readbytes": 0.0, "reads_client": NaN, "readbytes": NaN, "std_runtime": 0.0, "std_reads_client": 0.0, "runtime": NaN, "readbytes_client": NaN, "reads_server": NaN}, "85GB": {"std_readbytes_client": 0.0, "std_reads_server": 116.99667611612827, "std_thr": 563208.182178666, "thr": 72016970.873146072, "std_readbytes": 1608652.3972203152, "reads_client": 75702.333333333328, "readbytes": 89232973824.0, "std_runtime": 9.6471739626439206, "std_reads_client": 107.23908905908434, "runtime": 1239.1302500565846, "readbytes_client": 43978961214.0, "reads_server": 30732.333333333332}, "15GB": {"std_readbytes_client": 0.0, "std_reads_server": 138.18908141464078, "std_thr": 564899.83965401875, "thr": 69560804.674010396, "std_readbytes": 2599092.6574107017, "reads_client": 13010.666666666666, "readbytes": 15748879701.333334, "std_runtime": 1.8518170973611716, "std_reads_client": 53.493509471295255, "runtime": 226.41954334576926, "readbytes_client": 7853407253.0, "reads_server": 5412.333333333333}, "50GB": {"std_readbytes_client": 0.0, "std_reads_server": 0.0, "std_thr": 0.0, "thr": NaN, "std_readbytes": 0.0, "reads_client": NaN, "readbytes": NaN, "std_runtime": 0.0, "std_reads_client": 0.0, "runtime": NaN, "readbytes_client": NaN, "reads_server": NaN}, "20GB": {"std_readbytes_client": 0.0, "std_reads_server": 0.0, "std_thr": 0.0, "thr": NaN, "std_readbytes": 0.0, "reads_client": NaN, "readbytes": NaN, "std_runtime": 0.0, "std_reads_client": 0.0, "runtime": NaN, "readbytes_client": NaN, "reads_server": NaN}, "40GB": {"std_readbytes_client": 0.0, "std_reads_server": 0.0, "std_thr": 0.0, "thr": NaN, "std_readbytes": 0.0, "reads_client": NaN, "readbytes": NaN, "std_runtime": 0.0, "std_reads_client": 0.0, "runtime": NaN, "readbytes_client": NaN, "reads_server": NaN}, "10GB": {"std_readbytes_client": 0.0, "std_reads_server": 0.0, "std_thr": 0.0, "thr": NaN, "std_readbytes": 0.0, "reads_client": NaN, "readbytes": NaN, "std_runtime": 0.0, "std_reads_client": 0.0, "runtime": NaN, "readbytes_client": NaN, "reads_server": NaN}, "55GB": {"std_readbytes_client": 0.0, "std_reads_server": 416.91432639758921, "std_thr": 114271.87191189222, "thr": 71276765.400902748, "std_readbytes": 4409118.1825852152, "reads_client": 49001.333333333336, "readbytes": 57735834282.666664, "std_runtime": 1.3583323047281668, "std_reads_client": 6.6499791144200016, "runtime": 810.02538728713989, "readbytes_client": 28497956178.0, "reads_server": 19754.333333333332}}, "AM_True": {"65GB": {"std_readbytes_client": 0.0, "std_reads_server": 122.01639234135715, "std_thr": 205667.29497156333, "thr": 82743684.837448642, "std_readbytes": 40548.331260361381, "reads_client": 9923.0, "readbytes": 68706119680.0, "std_runtime": 2.0609925423697488, "std_reads_client": 22.759613353482084, "runtime": 830.35392602284753, "readbytes_client": 33658299463.0, "reads_server": 17841.0}, "75GB": {"std_readbytes_client": 0.0, "std_reads_server": 272.18294501227581, "std_thr": 355234.97614205052, "thr": 82955322.48802188, "std_readbytes": 218188.63963908743, "reads_client": 11510.0, "readbytes": 79270942037.333328, "std_runtime": 4.078941481540217, "std_reads_client": 1.4142135623730951, "runtime": 955.60343376795447, "readbytes_client": 38818652474.0, "reads_server": 20783.333333333332}, "90GB": {"std_readbytes_client": 0.0, "std_reads_server": 0.0, "std_thr": 0.0, "thr": NaN, "std_readbytes": 0.0, "reads_client": NaN, "readbytes": NaN, "std_runtime": 0.0, "std_reads_client": 0.0, "runtime": NaN, "readbytes_client": NaN, "reads_server": NaN}, "5GB": {"std_readbytes_client": 0.0, "std_reads_server": 11.86029791643813, "std_thr": 141247.85284149167, "thr": 69704549.958327964, "std_readbytes": 0.0, "reads_client": 763.0, "readbytes": 5343576064.0, "std_runtime": 0.15556051577400801, "std_reads_client": 0.0, "runtime": 76.660677671432495, "readbytes_client": 2690255643.0, "reads_server": 1382.0}, "80GB": {"std_readbytes_client": 0.0, "std_reads_server": 0.0,